<?xml version="1.0" encoding="UTF-8"?>
<beans:beans xmlns="http://www.springframework.org/schema/batch"
	xmlns:beans="http://www.springframework.org/schema/beans" xmlns:xsi="http://www.w3.org/2001/XMLSchema-instance"
	xsi:schemaLocation="
           http://www.springframework.org/schema/beans
           http://www.springframework.org/schema/beans/spring-beans.xsd
           http://www.springframework.org/schema/batch
           http://www.springframework.org/schema/batch/spring-batch.xsd">

	<beans:import resource="classpath:spring-datasource.xml" />
	<beans:import resource="classpath:spring-beans.xml" />

	<job id="ioSampleJob">
		<step id="step1">
			<tasklet transaction-manager="transactionManager">
				<chunk reader="cvsFileItemReader" writer="mySqlItemWriter"
					processor="studentItemProcessor" commit-interval="2" />
			</tasklet>
		</step>
	</job>

	<beans:bean id="cvsFileItemReader"
		class="org.springframework.batch.item.file.FlatFileItemReader">
		<beans:property name="resource" value="classpath:/csv/student.csv" />
		<beans:property name="lineMapper">
			<beans:bean
				class="org.springframework.batch.item.file.mapping.DefaultLineMapper">
				<beans:property name="lineTokenizer">
					<beans:bean
						class="org.springframework.batch.item.file.transform.DelimitedLineTokenizer">
						<beans:property name="names" value="firstName,lastName,school,rollNumber" />
					</beans:bean>
				</beans:property>
				<beans:property name="fieldSetMapper">
					<beans:bean	class="org.springframework.batch.item.file.mapping.BeanWrapperFieldSetMapper">
						<beans:property name="prototypeBeanName" value="student" />
					</beans:bean>
				</beans:property>
			</beans:bean>
		</beans:property>
	</beans:bean>
	
	<beans:bean id="mySqlItemWriter" class="org.springframework.batch.item.database.JdbcBatchItemWriter">
		<beans:property name="dataSource" ref="dataSource" />
		<beans:property name="sql">
			<beans:value>
	            <![CDATA[
	            	insert into student(firstName,lastName,school,rollNumber)
								values (:firstName, :lastName, :school, :rollNumber)
	            ]]>
			</beans:value>
		</beans:property>
		<beans:property name="itemSqlParameterSourceProvider">
			<beans:bean
				class="org.springframework.batch.item.database.BeanPropertyItemSqlParameterSourceProvider" />
		</beans:property>
	</beans:bean>

	<!-- stored job-meta in database -->
	<beans:bean id="jobRepository"
		class="org.springframework.batch.core.repository.support.JobRepositoryFactoryBean">
		<beans:property name="dataSource" ref="dataSource" />
		<beans:property name="transactionManager" ref="transactionManager" />
		<beans:property name="databaseType" value="mysql" />
	</beans:bean>

	<beans:bean id="transactionManager"
		class="org.springframework.batch.support.transaction.ResourcelessTransactionManager" />

	<beans:bean id="jobLauncher"
		class="org.springframework.batch.core.launch.support.SimpleJobLauncher">
		<beans:property name="jobRepository" ref="jobRepository" />
	</beans:bean>

</beans:beans>